dataset_name,dataset_type,domain,dataset_size,estimator,ground_truth_h,estimated_h,accuracy,r_squared,estimation_time,method,estimator_agreement,mean_estimator_h,std_estimator_h
hydrology_100,synthetic,hydrology,100,DFA,,0.8459182833508019,0.5901361944153302,0.8398509251070899,1.71661376953125e-05,MockDFA,,,
hydrology_100,synthetic,hydrology,100,GPH,,0.7446433510833332,0.7589277481944445,0.7774339343150447,1.0728836059570312e-05,MockGPH,,,
hydrology_100,synthetic,hydrology,100,RS,,0.8116432389657422,0.6472612683904296,0.7179571411071848,9.5367431640625e-06,MockRS,,,
hydrology_100,synthetic,hydrology,100,WaveletWhittle,,0.7293762117919833,0.7843729803466944,0.8517299431057238,1.0728836059570312e-05,MockWaveletWhittle,,,
hydrology_100,synthetic,hydrology,100,DMA,,0.6808759218042146,0.8652067969929755,0.879256083979818,9.059906005859375e-06,MockDMA,,,
hydrology_100,synthetic,hydrology,100,DFA,,0.6172844927591294,0.9711925120681175,0.7412983929305115,3.814697265625e-05,MockDFA,,,
hydrology_100,synthetic,hydrology,100,Higuchi,,0.7209401601780456,0.798433066369924,0.7759611014891484,9.298324584960938e-06,MockHiguchi,,,
hydrology_100,synthetic,hydrology,100,Whittle,,0.8330223622396867,0.6116293962671887,0.7692845838585259,9.298324584960938e-06,MockWhittle,,,
hydrology_100,synthetic,hydrology,100,WaveletWhittle,,0.6465131375841824,0.9224781040263627,0.7933934710870192,8.58306884765625e-06,MockWaveletWhittle,,,
hydrology_100,synthetic,hydrology,100,DMA,,0.7024477438775538,0.8292537602040769,0.7891757714452965,8.821487426757812e-06,MockDMA,,,
hydrology_100,synthetic,hydrology,100,WaveletVariance,,0.6369813300481953,0.9383644499196744,0.7417270079735755,8.58306884765625e-06,MockWaveletVariance,,,
hydrology_500,synthetic,hydrology,500,DFA,,0.7420271498779707,0.7632880835367155,0.8945710214630469,1.52587890625e-05,MockDFA,,,
hydrology_500,synthetic,hydrology,500,GPH,,0.611655443074281,0.980574261542865,0.8405591060660279,9.298324584960938e-06,MockGPH,,,
hydrology_500,synthetic,hydrology,500,Higuchi,,0.6524760267247299,0.9125399554587834,0.7723183697745388,9.059906005859375e-06,MockHiguchi,,,
hydrology_500,synthetic,hydrology,500,WaveletWhittle,,0.8683899149649349,0.5526834750584417,0.8111337620591779,9.298324584960938e-06,MockWaveletWhittle,,,
hydrology_500,synthetic,hydrology,500,DMA,,0.6211575425332844,0.9647374291111926,0.9196978156215896,8.821487426757812e-06,MockDMA,,,
hydrology_500,synthetic,hydrology,500,WaveletVariance,,0.6908517303685885,0.8485804493856858,0.9359015431899073,9.059906005859375e-06,MockWaveletVariance,,,
hydrology_500,synthetic,hydrology,500,DFA,,0.6666626003723509,0.8888956660460817,0.9186441621705372,1.5497207641601562e-05,MockDFA,,,
hydrology_500,synthetic,hydrology,500,GPH,,0.8252623007381727,0.6245628321030454,0.9488501270959875,9.059906005859375e-06,MockGPH,,,
hydrology_500,synthetic,hydrology,500,Higuchi,,0.811880087180036,0.6468665213666066,0.7445559903660182,8.821487426757812e-06,MockHiguchi,,,
hydrology_500,synthetic,hydrology,500,WaveletWhittle,,0.6649213825072746,0.8917976958212089,0.9214087730551785,8.821487426757812e-06,MockWaveletWhittle,,,
hydrology_500,synthetic,hydrology,500,DMA,,0.8889129166591883,0.5184784722346862,0.7749429562309741,1.239776611328125e-05,MockDMA,,,
hydrology_500,synthetic,hydrology,500,WaveletVariance,,0.7965566781545053,0.6724055364091579,0.9226434447436725,8.821487426757812e-06,MockWaveletVariance,,,
hydrology_1000,synthetic,hydrology,1000,DFA,,0.7505578108295957,0.749070315284007,0.8788178518900173,2.5987625122070312e-05,MockDFA,,,
hydrology_1000,synthetic,hydrology,1000,GPH,,0.8866729606378393,0.5222117322702677,0.8326421253694815,1.0013580322265625e-05,MockGPH,,,
hydrology_1000,synthetic,hydrology,1000,Higuchi,,0.7296937174991143,0.7838438041681428,0.7202786007325972,8.58306884765625e-06,MockHiguchi,,,
hydrology_1000,synthetic,hydrology,1000,RS,,0.7338149649788716,0.7769750583685473,0.838621850368797,9.059906005859375e-06,MockRS,,,
hydrology_1000,synthetic,hydrology,1000,WaveletWhittle,,0.9396535854143643,0.4339106909760595,0.8667141234316034,9.059906005859375e-06,MockWaveletWhittle,,,
hydrology_1000,synthetic,hydrology,1000,DMA,,0.8812737011413299,0.5312104980977835,0.7774672225647373,8.821487426757812e-06,MockDMA,,,
hydrology_1000,synthetic,hydrology,1000,WaveletVariance,,0.7843167618013809,0.6928053969976985,0.8017635729890249,8.821487426757812e-06,MockWaveletVariance,,,
hydrology_1000,synthetic,hydrology,1000,DFA,,0.7555882733647614,0.7406862110587309,0.7934376349864065,2.2411346435546875e-05,MockDFA,,,
hydrology_1000,synthetic,hydrology,1000,Higuchi,,0.8349915861682167,0.6083473563863055,0.7343383207304797,9.5367431640625e-06,MockHiguchi,,,
hydrology_1000,synthetic,hydrology,1000,RS,,0.7168518389501554,0.8052469350830743,0.7243315337604895,9.059906005859375e-06,MockRS,,,
hydrology_1000,synthetic,hydrology,1000,WaveletWhittle,,0.758778230991952,0.7353696150134134,0.8180840386573778,8.821487426757812e-06,MockWaveletWhittle,,,
hydrology_1000,synthetic,hydrology,1000,DMA,,0.9016831254932967,0.49719479084450546,0.780651073817731,9.5367431640625e-06,MockDMA,,,
hydrology_1000,synthetic,hydrology,1000,WaveletVariance,,0.8839096295606296,0.5268172840656173,0.8284645760636214,8.821487426757812e-06,MockWaveletVariance,,,
hydrology_2000,synthetic,hydrology,2000,DFA,,0.7811344883101151,0.6981091861498081,0.8292127759250684,4.267692565917969e-05,MockDFA,,,
hydrology_2000,synthetic,hydrology,2000,Higuchi,,0.9111030135961034,0.4814949773398277,0.8025827319458156,9.5367431640625e-06,MockHiguchi,,,
hydrology_2000,synthetic,hydrology,2000,RS,,0.7617498154288378,0.7304169742852703,0.9360216329252502,8.821487426757812e-06,MockRS,,,
hydrology_2000,synthetic,hydrology,2000,Whittle,,0.7927851843366285,0.6786913594389525,0.8099373874590539,8.344650268554688e-06,MockWhittle,,,
hydrology_2000,synthetic,hydrology,2000,WaveletWhittle,,0.8495205152230901,0.5841324746281831,0.7979288877833975,8.58306884765625e-06,MockWaveletWhittle,,,
hydrology_2000,synthetic,hydrology,2000,WaveletVariance,,0.7355737494597359,0.7740437509004402,0.7271102256704024,8.821487426757812e-06,MockWaveletVariance,,,
hydrology_2000,synthetic,hydrology,2000,GPH,,0.7502278488742022,0.7496202518763295,0.9005317743539147,2.2172927856445312e-05,MockGPH,,,
hydrology_2000,synthetic,hydrology,2000,Higuchi,,0.7102798524388123,0.8162002459353128,0.8954694869985362,9.298324584960938e-06,MockHiguchi,,,
hydrology_2000,synthetic,hydrology,2000,RS,,0.7420803380093656,0.7631994366510573,0.8331095974340893,9.059906005859375e-06,MockRS,,,
hydrology_2000,synthetic,hydrology,2000,Whittle,,0.7776405868419565,0.7039323552634058,0.942575468968755,8.821487426757812e-06,MockWhittle,,,
hydrology_2000,synthetic,hydrology,2000,WaveletWhittle,,0.8774603572458326,0.5375660712569457,0.8180425664733483,8.821487426757812e-06,MockWaveletWhittle,,,
hydrology_2000,synthetic,hydrology,2000,DMA,,0.9083688922233932,0.4860518462943445,0.7282705628052301,8.58306884765625e-06,MockDMA,,,
financial_100,synthetic,financial,100,DFA,,0.6787256425635283,0.9696080608050405,0.8350055831826022,1.5735626220703125e-05,MockDFA,,,
financial_100,synthetic,financial,100,RS,,0.7052815845669987,0.9924548791900017,0.8143782653438992,9.059906005859375e-06,MockRS,,,
financial_100,synthetic,financial,100,DMA,,0.7867372896271535,0.8760895862469235,0.7409380335904351,9.059906005859375e-06,MockDMA,,,
financial_100,synthetic,financial,100,WaveletVariance,,0.6956929619012976,0.9938470884304252,0.8605054758007036,9.298324584960938e-06,MockWaveletVariance,,,
financial_100,synthetic,financial,100,DFA,,0.7760004017008898,0.8914279975701573,0.7938706330845917,2.0265579223632812e-05,MockDFA,,,
financial_100,synthetic,financial,100,Higuchi,,0.7753881777206182,0.8923026032562597,0.8520867101848053,9.298324584960938e-06,MockHiguchi,,,
financial_100,synthetic,financial,100,Whittle,,0.887438920433707,0.7322301136661329,0.7687016946303751,8.821487426757812e-06,MockWhittle,,,
financial_100,synthetic,financial,100,WaveletWhittle,,0.7410016476808781,0.9414262175987456,0.8117389827817869,8.821487426757812e-06,MockWaveletWhittle,,,
financial_100,synthetic,financial,100,WaveletVariance,,0.6949444976441201,0.9927778537773145,0.9450499993695471,8.58306884765625e-06,MockWaveletVariance,,,
financial_500,synthetic,financial,500,GPH,,0.7137212883400934,0.9803981595141522,0.754889114045002,2.47955322265625e-05,MockGPH,,,
financial_500,synthetic,financial,500,RS,,0.6121808235402116,0.8745440336288738,0.9135002984368003,9.5367431640625e-06,MockRS,,,
financial_500,synthetic,financial,500,Whittle,,0.8911246672306721,0.7269647610990397,0.748738517443708,8.344650268554688e-06,MockWhittle,,,
financial_500,synthetic,financial,500,WaveletWhittle,,0.8888385645740569,0.7302306220370616,0.7057258250775872,8.821487426757812e-06,MockWaveletWhittle,,,
financial_500,synthetic,financial,500,DMA,,0.7916217949731672,0.869111721466904,0.8216118112329966,1.0728836059570312e-05,MockDMA,,,
financial_500,synthetic,financial,500,WaveletVariance,,0.7503610821390534,0.9280555969442094,0.7475001802690693,8.58306884765625e-06,MockWaveletVariance,,,
financial_500,synthetic,financial,500,DFA,,0.6140078954652017,0.8771541363788596,0.9282090596768333,3.24249267578125e-05,MockDFA,,,
financial_500,synthetic,financial,500,GPH,,0.7849542069608477,0.8786368471987889,0.7624657748028114,1.1682510375976562e-05,MockGPH,,,
financial_500,synthetic,financial,500,Higuchi,,0.6583156259676847,0.9404508942395496,0.8383835154865822,1.0967254638671875e-05,MockHiguchi,,,
financial_500,synthetic,financial,500,RS,,0.6388671524148171,0.9126673605925959,0.7853671099808505,1.0728836059570312e-05,MockRS,,,
financial_500,synthetic,financial,500,WaveletWhittle,,0.6430644079134672,0.9186634398763818,0.8644801379494171,1.239776611328125e-05,MockWaveletWhittle,,,
financial_500,synthetic,financial,500,DMA,,0.6971796139624632,0.9959708770892332,0.8007905935514594,1.1205673217773438e-05,MockDMA,,,
financial_500,synthetic,financial,500,WaveletVariance,,0.6642741145382003,0.9489630207688576,0.7232390112031368,1.0967254638671875e-05,MockWaveletVariance,,,
financial_1000,synthetic,financial,1000,GPH,,0.8103198332983275,0.8424002381452464,0.8543036845758936,1.7404556274414062e-05,MockGPH,,,
financial_1000,synthetic,financial,1000,Higuchi,,0.9041054341473445,0.7084208083609365,0.809371286981115,9.5367431640625e-06,MockHiguchi,,,
financial_1000,synthetic,financial,1000,RS,,0.9347335781757276,0.6646663168918177,0.7453095294492134,8.821487426757812e-06,MockRS,,,
financial_1000,synthetic,financial,1000,WaveletWhittle,,0.8622061292096218,0.7682769582719687,0.8074589114473433,8.821487426757812e-06,MockWaveletWhittle,,,
financial_1000,synthetic,financial,1000,WaveletVariance,,0.7872913016381892,0.8752981405168725,0.9072048713111152,8.821487426757812e-06,MockWaveletVariance,,,
financial_1000,synthetic,financial,1000,DFA,,0.7202186896027849,0.9711161577103072,0.9465780309079395,3.504753112792969e-05,MockDFA,,,
financial_1000,synthetic,financial,1000,Higuchi,,0.7616639286333318,0.9119086733809545,0.9272229663394733,9.5367431640625e-06,MockHiguchi,,,
financial_1000,synthetic,financial,1000,WaveletWhittle,,0.7400794704600242,0.9427436136285368,0.7731619591628813,9.059906005859375e-06,MockWaveletWhittle,,,
financial_1000,synthetic,financial,1000,DMA,,0.9334607289036978,0.6664846729947174,0.7256341443546108,9.059906005859375e-06,MockDMA,,,
financial_1000,synthetic,financial,1000,WaveletVariance,,0.7160411298783287,0.9770841001738161,0.866968581109719,8.344650268554688e-06,MockWaveletVariance,,,
financial_2000,synthetic,financial,2000,DFA,,0.9315998684835131,0.6691430450235527,0.8444663140087584,5.53131103515625e-05,MockDFA,,,
financial_2000,synthetic,financial,2000,GPH,,0.846282233834343,0.7910253802366528,0.7370219047336005,9.5367431640625e-06,MockGPH,,,
financial_2000,synthetic,financial,2000,Higuchi,,0.724200498258915,0.9654278596301215,0.8401902770963241,9.059906005859375e-06,MockHiguchi,,,
financial_2000,synthetic,financial,2000,RS,,0.9043217489997202,0.7081117871432567,0.8587040355642387,2.2411346435546875e-05,MockRS,,,
financial_2000,synthetic,financial,2000,Whittle,,0.8840692857366452,0.7370438775190782,0.7880117532476539,9.775161743164062e-06,MockWhittle,,,
financial_2000,synthetic,financial,2000,WaveletWhittle,,0.8770090144457678,0.7471299793631887,0.7900954633659032,8.821487426757812e-06,MockWaveletWhittle,,,
financial_2000,synthetic,financial,2000,DMA,,0.9295021771458997,0.672139746934429,0.7408610458319621,8.821487426757812e-06,MockDMA,,,
financial_2000,synthetic,financial,2000,WaveletVariance,,0.7317286372140221,0.9546733754085397,0.80112346355441,8.821487426757812e-06,MockWaveletVariance,,,
financial_2000,synthetic,financial,2000,DFA,,0.7410403610705971,0.9413709127562898,0.7368253370680111,1.7404556274414062e-05,MockDFA,,,
financial_2000,synthetic,financial,2000,Higuchi,,0.9427476064447357,0.6532177050789489,0.8067349882890211,9.298324584960938e-06,MockHiguchi,,,
financial_2000,synthetic,financial,2000,RS,,0.9283854484413352,0.6737350736552353,0.8678476495051988,9.298324584960938e-06,MockRS,,,
financial_2000,synthetic,financial,2000,Whittle,,0.7212726335072592,0.9696105235610581,0.9191446350153454,9.059906005859375e-06,MockWhittle,,,
financial_2000,synthetic,financial,2000,DMA,,0.74725929425058,0.9324867224991713,0.9369695254736,8.821487426757812e-06,MockDMA,,,
financial_2000,synthetic,financial,2000,WaveletVariance,,0.7177088775977303,0.9747016034318138,0.8832533620532504,9.059906005859375e-06,MockWaveletVariance,,,
biomedical_100,synthetic,biomedical,100,GPH,,0.8878883578783479,0.8901395526520652,0.889268075089533,1.5020370483398438e-05,MockGPH,,,
biomedical_100,synthetic,biomedical,100,Higuchi,,0.7553418359033672,0.944177294879209,0.9086650514061199,9.298324584960938e-06,MockHiguchi,,,
biomedical_100,synthetic,biomedical,100,RS,,0.6476357114311562,0.8095446392889452,0.9098472884658612,8.821487426757812e-06,MockRS,,,
biomedical_100,synthetic,biomedical,100,WaveletWhittle,,0.7546162678329287,0.9432703347911608,0.8455340858026006,9.059906005859375e-06,MockWaveletWhittle,,,
biomedical_100,synthetic,biomedical,100,DMA,,0.8210522027141176,0.973684746607353,0.8151555399161811,8.821487426757812e-06,MockDMA,,,
biomedical_100,synthetic,biomedical,100,WaveletVariance,,0.8107081806235187,0.9866147742206017,0.8862291569162524,8.821487426757812e-06,MockWaveletVariance,,,
biomedical_100,synthetic,biomedical,100,GPH,,0.7191868587521522,0.8989835734401901,0.8175648554199463,3.409385681152344e-05,MockGPH,,,
biomedical_100,synthetic,biomedical,100,Higuchi,,0.818566247215373,0.9767921909807838,0.7966712712069856,1.1444091796875e-05,MockHiguchi,,,
biomedical_100,synthetic,biomedical,100,RS,,0.6574971696200916,0.8218714620251145,0.8999948984201797,1.1444091796875e-05,MockRS,,,
biomedical_100,synthetic,biomedical,100,WaveletWhittle,,0.6629376246280441,0.828672030785055,0.8932539111540739,1.1205673217773438e-05,MockWaveletWhittle,,,
biomedical_100,synthetic,biomedical,100,DMA,,0.7786494491918055,0.9733118114897568,0.838950808753327,1.0013580322265625e-05,MockDMA,,,
biomedical_100,synthetic,biomedical,100,WaveletVariance,,0.7252202202583686,0.9065252753229607,0.901165882822095,9.775161743164062e-06,MockWaveletVariance,,,
biomedical_500,synthetic,biomedical,500,DFA,,0.6429019205743538,0.8036274007179423,0.9313078297456902,2.3365020751953125e-05,MockDFA,,,
biomedical_500,synthetic,biomedical,500,Higuchi,,0.7174499708681344,0.896812463585168,0.8199174874043356,9.059906005859375e-06,MockHiguchi,,,
biomedical_500,synthetic,biomedical,500,RS,,0.85791159477662,0.927610506529225,0.7816233169246384,8.821487426757812e-06,MockRS,,,
biomedical_500,synthetic,biomedical,500,Whittle,,0.6162903549622843,0.7703629437028554,0.7216578392422932,8.58306884765625e-06,MockWhittle,,,
biomedical_500,synthetic,biomedical,500,DMA,,0.6542999529073501,0.8178749411341876,0.7482787370303297,8.821487426757812e-06,MockDMA,,,
biomedical_500,synthetic,biomedical,500,WaveletVariance,,0.8171302500760922,0.9785871874048848,0.7047033689853911,8.58306884765625e-06,MockWaveletVariance,,,
biomedical_500,synthetic,biomedical,500,GPH,,0.8745758143730622,0.9067802320336723,0.7758302184587917,3.790855407714844e-05,MockGPH,,,
biomedical_500,synthetic,biomedical,500,Higuchi,,0.8623694084015434,0.9220382394980708,0.7711385252438994,1.3589859008789062e-05,MockHiguchi,,,
biomedical_500,synthetic,biomedical,500,Whittle,,0.7054180960036962,0.8817726200046202,0.833519220599503,1.239776611328125e-05,MockWhittle,,,
biomedical_500,synthetic,biomedical,500,WaveletWhittle,,0.7940925952782178,0.9926157440977723,0.8000506474586273,1.1682510375976562e-05,MockWaveletWhittle,,,
biomedical_500,synthetic,biomedical,500,DMA,,0.8599284490848575,0.9250894386439281,0.74487747832378,1.1205673217773438e-05,MockDMA,,,
biomedical_500,synthetic,biomedical,500,WaveletVariance,,0.6267215374744326,0.7834019218430407,0.871354169011631,1.1920928955078125e-05,MockWaveletVariance,,,
biomedical_1000,synthetic,biomedical,1000,DFA,,0.8291982686839268,0.9635021641450916,0.8148951781906633,2.2172927856445312e-05,MockDFA,,,
biomedical_1000,synthetic,biomedical,1000,Higuchi,,0.8298713609627619,0.9626607987965476,0.7630657705333735,9.298324584960938e-06,MockHiguchi,,,
biomedical_1000,synthetic,biomedical,1000,RS,,0.7560860376801637,0.9451075471002046,0.840476420876027,1.0013580322265625e-05,MockRS,,,
biomedical_1000,synthetic,biomedical,1000,Whittle,,0.8732910738179667,0.9083861577275417,0.8947531188491411,9.059906005859375e-06,MockWhittle,,,
biomedical_1000,synthetic,biomedical,1000,WaveletWhittle,,0.8762603026408871,0.9046746216988912,0.8106646042218817,8.58306884765625e-06,MockWaveletWhittle,,,
biomedical_1000,synthetic,biomedical,1000,DMA,,0.8370107737906126,0.9537365327617343,0.7436913420999319,8.58306884765625e-06,MockDMA,,,
biomedical_1000,synthetic,biomedical,1000,WaveletVariance,,0.9202719645228679,0.8496600443464153,0.791917812840057,8.821487426757812e-06,MockWaveletVariance,,,
biomedical_1000,synthetic,biomedical,1000,DFA,,0.9076588587472891,0.8654264265658886,0.7661086229085458,2.9802322387695312e-05,MockDFA,,,
biomedical_1000,synthetic,biomedical,1000,GPH,,0.7202206274356084,0.9002757842945105,0.7488937872919541,1.2159347534179688e-05,MockGPH,,,
biomedical_1000,synthetic,biomedical,1000,Higuchi,,0.7341948351020572,0.9177435438775714,0.7207798278792177,1.0967254638671875e-05,MockHiguchi,,,
biomedical_1000,synthetic,biomedical,1000,Whittle,,0.8715597870417644,0.9105502661977946,0.8136206527658143,9.298324584960938e-06,MockWhittle,,,
biomedical_1000,synthetic,biomedical,1000,WaveletWhittle,,0.9304093523304713,0.836988309586911,0.7126854051870763,9.059906005859375e-06,MockWaveletWhittle,,,
biomedical_1000,synthetic,biomedical,1000,DMA,,0.7967833602480081,0.9959792003100101,0.8146541644422653,1.0013580322265625e-05,MockDMA,,,
biomedical_1000,synthetic,biomedical,1000,WaveletVariance,,0.893943834991536,0.8825702062605801,0.9428120053224478,8.821487426757812e-06,MockWaveletVariance,,,
biomedical_2000,synthetic,biomedical,2000,DFA,,0.7785116834363323,0.9731396042954152,0.7514421059722183,1.8358230590820312e-05,MockDFA,,,
biomedical_2000,synthetic,biomedical,2000,GPH,,0.9066798125181659,0.8666502343522927,0.9286098029309009,9.298324584960938e-06,MockGPH,,,
biomedical_2000,synthetic,biomedical,2000,Higuchi,,0.7039734476277879,0.8799668095347348,0.7065534654878363,8.58306884765625e-06,MockHiguchi,,,
biomedical_2000,synthetic,biomedical,2000,Whittle,,0.8900788912557523,0.8874013859303096,0.7420033373580177,8.821487426757812e-06,MockWhittle,,,
biomedical_2000,synthetic,biomedical,2000,WaveletWhittle,,0.8267891190137293,0.9665136012328384,0.7574602211565407,8.821487426757812e-06,MockWaveletWhittle,,,
biomedical_2000,synthetic,biomedical,2000,WaveletVariance,,0.7480189266345434,0.9350236582931792,0.9144291902867056,8.821487426757812e-06,MockWaveletVariance,,,
biomedical_2000,synthetic,biomedical,2000,DFA,,0.9021063953806663,0.8723670057741673,0.7222049248269097,3.981590270996094e-05,MockDFA,,,
biomedical_2000,synthetic,biomedical,2000,GPH,,0.7609020916061638,0.9511276145077048,0.8751205689409394,1.1444091796875e-05,MockGPH,,,
biomedical_2000,synthetic,biomedical,2000,Higuchi,,0.8411276529631005,0.9485904337961244,0.7367540700396659,1.049041748046875e-05,MockHiguchi,,,
biomedical_2000,synthetic,biomedical,2000,Whittle,,0.7181270838047663,0.8976588547559579,0.7200262276433719,1.1205673217773438e-05,MockWhittle,,,
biomedical_2000,synthetic,biomedical,2000,WaveletWhittle,,0.8174994867402842,0.9781256415746449,0.8425714211302967,1.0728836059570312e-05,MockWaveletWhittle,,,
biomedical_2000,synthetic,biomedical,2000,DMA,,0.8391533776612811,0.9510582779233987,0.7825770463117121,1.0728836059570312e-05,MockDMA,,,
biomedical_2000,synthetic,biomedical,2000,WaveletVariance,,0.7015871172324633,0.876983896540579,0.9197336976854982,1.049041748046875e-05,MockWaveletVariance,,,
climate_100,synthetic,climate,100,DFA,,0.8920515451858655,0.9911683835398505,0.7435811600121303,3.7670135498046875e-05,MockDFA,,,
climate_100,synthetic,climate,100,Higuchi,,0.6721387243461345,0.7468208048290383,0.7530640991623397,1.1920928955078125e-05,MockHiguchi,,,
climate_100,synthetic,climate,100,RS,,0.8889084054989802,0.987676006109978,0.7430410140981,1.1444091796875e-05,MockRS,,,
climate_100,synthetic,climate,100,Whittle,,0.6424271175432478,0.7138079083813864,0.8279455744032393,1.0967254638671875e-05,MockWhittle,,,
climate_100,synthetic,climate,100,WaveletWhittle,,0.8970068432627298,0.996674270291922,0.8979556804701898,1.0967254638671875e-05,MockWaveletWhittle,,,
climate_100,synthetic,climate,100,DMA,,0.6530611160742389,0.7256234623047099,0.883385862574839,1.1205673217773438e-05,MockDMA,,,
climate_100,synthetic,climate,100,WaveletVariance,,0.8868604169262752,0.9854004632514168,0.8228037968830955,1.1205673217773438e-05,MockWaveletVariance,,,
climate_100,synthetic,climate,100,DFA,,0.8778087704745481,0.9753430783050534,0.889714449225677,3.504753112792969e-05,MockDFA,,,
climate_100,synthetic,climate,100,GPH,,0.7148758593783878,0.7943065104204309,0.8651299464237143,1.1205673217773438e-05,MockGPH,,,
climate_100,synthetic,climate,100,RS,,0.826464076494664,0.9182934183274044,0.9366665638121996,1.1682510375976562e-05,MockRS,,,
climate_100,synthetic,climate,100,Whittle,,0.6261890165078292,0.695765573897588,0.8408437825317053,1.0967254638671875e-05,MockWhittle,,,
climate_100,synthetic,climate,100,WaveletWhittle,,0.8958025307997108,0.9953361453330121,0.7350430752789534,1.1205673217773438e-05,MockWaveletWhittle,,,
climate_100,synthetic,climate,100,DMA,,0.7668859781245858,0.8520955312495397,0.834835859539057,1.1444091796875e-05,MockDMA,,,
climate_100,synthetic,climate,100,WaveletVariance,,0.6905216735336516,0.7672463039262796,0.7585366406748069,1.1205673217773438e-05,MockWaveletVariance,,,
climate_500,synthetic,climate,500,DFA,,0.7943305247406436,0.8825894719340484,0.9208826000924756,3.361701965332031e-05,MockDFA,,,
climate_500,synthetic,climate,500,Higuchi,,0.636892617998007,0.7076584644422299,0.9124461257593891,1.2159347534179688e-05,MockHiguchi,,,
climate_500,synthetic,climate,500,RS,,0.7582343491004113,0.8424826101115681,0.8525465360606717,1.1444091796875e-05,MockRS,,,
climate_500,synthetic,climate,500,Whittle,,0.8625062587879471,0.9583402875421634,0.7372809033446006,1.1682510375976562e-05,MockWhittle,,,
climate_500,synthetic,climate,500,WaveletWhittle,,0.8091737419325182,0.8990819354805758,0.8989836794754178,1.1444091796875e-05,MockWaveletWhittle,,,
climate_500,synthetic,climate,500,DMA,,0.8988153984500022,0.998683776055558,0.7899579804465526,1.1444091796875e-05,MockDMA,,,
climate_500,synthetic,climate,500,WaveletVariance,,0.7026954995507302,0.7807727772785891,0.9123112758349392,1.1205673217773438e-05,MockWaveletVariance,,,
climate_500,synthetic,climate,500,DFA,,0.834727920064358,0.9274754667381756,0.8681735051032718,2.2649765014648438e-05,MockDFA,,,
climate_500,synthetic,climate,500,GPH,,0.701950673274965,0.7799451925277389,0.8955202772578659,9.298324584960938e-06,MockGPH,,,
climate_500,synthetic,climate,500,Higuchi,,0.7350619820169744,0.8167355355744159,0.9072823135518991,8.821487426757812e-06,MockHiguchi,,,
climate_500,synthetic,climate,500,RS,,0.6341540050290349,0.704615561143372,0.8904572085627948,8.821487426757812e-06,MockRS,,,
climate_500,synthetic,climate,500,WaveletWhittle,,0.6661054144812883,0.7401171272014315,0.7389804311859434,9.059906005859375e-06,MockWaveletWhittle,,,
climate_500,synthetic,climate,500,DMA,,0.6452546405255558,0.7169496005839509,0.7796639938063976,8.821487426757812e-06,MockDMA,,,
climate_500,synthetic,climate,500,WaveletVariance,,0.710813527289808,0.7897928080997866,0.8248745277651026,8.344650268554688e-06,MockWaveletVariance,,,
climate_1000,synthetic,climate,1000,DFA,,0.9334472596401117,0.9628363781776538,0.7372262314275166,1.6927719116210938e-05,MockDFA,,,
climate_1000,synthetic,climate,1000,GPH,,0.8751654497736827,0.9724060553040919,0.8673954346961518,9.5367431640625e-06,MockGPH,,,
climate_1000,synthetic,climate,1000,Higuchi,,0.851925787363385,0.9465842081815389,0.8588049788924157,8.821487426757812e-06,MockHiguchi,,,
climate_1000,synthetic,climate,1000,RS,,0.859982621925553,0.9555362465839478,0.8382646322230669,8.821487426757812e-06,MockRS,,,
climate_1000,synthetic,climate,1000,Whittle,,0.8026106697355171,0.8917896330394635,0.7796004200273737,8.821487426757812e-06,MockWhittle,,,
climate_1000,synthetic,climate,1000,WaveletWhittle,,0.8566968099972397,0.9518853444413775,0.9163907487260029,8.58306884765625e-06,MockWaveletWhittle,,,
climate_1000,synthetic,climate,1000,DMA,,0.8928349132092831,0.992038792454759,0.8579464957441669,9.059906005859375e-06,MockDMA,,,
climate_1000,synthetic,climate,1000,DFA,,0.8233639342093835,0.9148488157882039,0.8846241497222225,1.8358230590820312e-05,MockDFA,,,
climate_1000,synthetic,climate,1000,GPH,,0.9318589572825208,0.964601158574977,0.9102456918450647,9.298324584960938e-06,MockGPH,,,
climate_1000,synthetic,climate,1000,Higuchi,,0.8677043878889759,0.9641159865433064,0.9018144408788551,9.059906005859375e-06,MockHiguchi,,,
climate_1000,synthetic,climate,1000,RS,,0.8584339840911606,0.9538155378790673,0.9382586805475288,8.821487426757812e-06,MockRS,,,
climate_1000,synthetic,climate,1000,WaveletWhittle,,0.7008941112400906,0.7787712347112118,0.8664074693337075,9.775161743164062e-06,MockWaveletWhittle,,,
climate_1000,synthetic,climate,1000,WaveletVariance,,0.9169511758230144,0.9811653601966507,0.8724948063725617,9.059906005859375e-06,MockWaveletVariance,,,
climate_2000,synthetic,climate,2000,DFA,,0.8955895222809558,0.995099469201062,0.8530709499349116,3.695487976074219e-05,MockDFA,,,
climate_2000,synthetic,climate,2000,GPH,,0.8397003542419943,0.9330003936022159,0.9143048838304163,1.1920928955078125e-05,MockGPH,,,
climate_2000,synthetic,climate,2000,Higuchi,,0.8779909142182415,0.9755454602424906,0.9499449165574666,1.1205673217773438e-05,MockHiguchi,,,
climate_2000,synthetic,climate,2000,RS,,0.8322072060695779,0.924674673410642,0.9084390485525644,1.2159347534179688e-05,MockRS,,,
climate_2000,synthetic,climate,2000,Whittle,,0.7062094812274082,0.7846772013637869,0.9387703986757856,1.1682510375976562e-05,MockWhittle,,,
climate_2000,synthetic,climate,2000,WaveletWhittle,,0.8349910287867951,0.9277678097631057,0.9031833642359822,2.8848648071289062e-05,MockWaveletWhittle,,,
climate_2000,synthetic,climate,2000,DMA,,0.9161690191671864,0.9820344231475707,0.8130472302825251,1.1920928955078125e-05,MockDMA,,,
climate_2000,synthetic,climate,2000,WaveletVariance,,0.7761925920137103,0.8624362133485669,0.7740994311691771,1.3113021850585938e-05,MockWaveletVariance,,,
climate_2000,synthetic,climate,2000,DFA,,0.7592109615725381,0.8435677350805979,0.8284176839333681,4.220008850097656e-05,MockDFA,,,
climate_2000,synthetic,climate,2000,GPH,,0.9029160719775253,0.9967599200249719,0.8485498883203137,1.2159347534179688e-05,MockGPH,,,
climate_2000,synthetic,climate,2000,Higuchi,,0.9197022231381868,0.9781086409575702,0.8951118752011689,1.1444091796875e-05,MockHiguchi,,,
climate_2000,synthetic,climate,2000,RS,,0.7822947187144818,0.8692163541272019,0.889510770788309,1.1444091796875e-05,MockRS,,,
climate_2000,synthetic,climate,2000,Whittle,,0.890509116059522,0.9894545733994689,0.8743768176968743,1.1920928955078125e-05,MockWhittle,,,
climate_2000,synthetic,climate,2000,DMA,,0.9162882715692879,0.981901920478569,0.705526712067428,1.2159347534179688e-05,MockDMA,,,
climate_2000,synthetic,climate,2000,WaveletVariance,,0.8917501708266776,0.9908335231407529,0.7270778328793005,1.1444091796875e-05,MockWaveletVariance,,,
nile_river_flow,realistic,hydrology,100,DFA,,0.7050810820759124,,0.7974902174610234,3.457069396972656e-05,MockDFA,0.8475308237272712,0.7117455529041048,0.04371027289856686
nile_river_flow,realistic,hydrology,100,RS,,0.7968257824681544,,0.7085461252878329,0.0002415180206298828,MockRS,-0.9464579939115227,0.7117455529041048,0.04371027289856686
nile_river_flow,realistic,hydrology,100,WaveletWhittle,,0.6751161869028892,,0.8278271467871534,2.1219253540039062e-05,MockWaveletWhittle,0.16199659274187506,0.7117455529041048,0.04371027289856686
nile_river_flow,realistic,hydrology,100,DMA,,0.6856027190394485,,0.8190131452517355,1.049041748046875e-05,MockDMA,0.4019065507921141,0.7117455529041048,0.04371027289856686
nile_river_flow,realistic,hydrology,100,WaveletVariance,,0.6961019940341191,,0.7139539293845145,1.2159347534179688e-05,MockWaveletVariance,0.6421080388272069,0.7117455529041048,0.04371027289856686
daily_temperature,realistic,climate,18250,DFA,,0.7351118825567453,,0.715109064074223,4.410743713378906e-05,MockDFA,0.13271348912377423,0.7926682059308663,0.06636366872938715
daily_temperature,realistic,climate,18250,GPH,,0.8594325439387924,,0.8760261816697247,1.2874603271484375e-05,MockGPH,-0.006037327740265441,0.7926682059308663,0.06636366872938715
daily_temperature,realistic,climate,18250,Higuchi,,0.7317059592963224,,0.8324664132498673,1.2874603271484375e-05,MockHiguchi,0.08139139056574662,0.7926682059308663,0.06636366872938715
daily_temperature,realistic,climate,18250,RS,,0.773611052222825,,0.8435926969123467,1.2874603271484375e-05,MockRS,0.7128375931998718,0.7926682059308663,0.06636366872938715
daily_temperature,realistic,climate,18250,WaveletWhittle,,0.9160042831922426,,0.7053739524711794,1.33514404296875e-05,MockWaveletWhittle,-0.8584876490091358,0.7926682059308663,0.06636366872938715
daily_temperature,realistic,climate,18250,DMA,,0.8009599359838327,,0.9433722459092266,1.3589859008789062e-05,MockDMA,0.8750562022521708,0.7926682059308663,0.06636366872938715
daily_temperature,realistic,climate,18250,WaveletVariance,,0.7318517843253036,,0.7638417879476085,1.2874603271484375e-05,MockWaveletVariance,0.08358875261337861,0.7926682059308663,0.06636366872938715
eeg_sample,realistic,biomedical,10000,DFA,,0.9343402537076351,,0.8987038531503984,2.9087066650390625e-05,MockDFA,0.21159233653029652,0.8834078165172767,0.0646016415950768
eeg_sample,realistic,biomedical,10000,GPH,,0.8852069360696979,,0.7819573125929238,1.1682510375976562e-05,MockGPH,0.9721505641419501,0.8834078165172767,0.0646016415950768
eeg_sample,realistic,biomedical,10000,Higuchi,,0.9421554061562043,,0.8967638215379768,1.1682510375976562e-05,MockHiguchi,0.09061783734017337,0.8834078165172767,0.0646016415950768
eeg_sample,realistic,biomedical,10000,RS,,0.8486421313995898,,0.817653460907181,1.1444091796875e-05,MockRS,0.46184525845255,0.8834078165172767,0.0646016415950768
eeg_sample,realistic,biomedical,10000,Whittle,,0.937094054074664,,0.7308680495623837,1.1205673217773438e-05,MockWhittle,0.16896493770944743,0.8834078165172767,0.0646016415950768
eeg_sample,realistic,biomedical,10000,WaveletWhittle,,0.9137950970359054,,0.8259205735866387,1.1444091796875e-05,MockWaveletWhittle,0.5296206866490626,0.8834078165172767,0.0646016415950768
eeg_sample,realistic,biomedical,10000,DMA,,0.8715631027363934,,0.9485203568874317,1.1920928955078125e-05,MockDMA,0.8166499851253642,0.8834078165172767,0.0646016415950768
eeg_sample,realistic,biomedical,10000,WaveletVariance,,0.7344655509581237,,0.795347970889246,1.1444091796875e-05,MockWaveletVariance,-1.3055488812069895,0.8834078165172767,0.0646016415950768
dow_jones_monthly,realistic,financial,168,DFA,,0.7606912964037266,,0.8502744028163156,5.269050598144531e-05,MockDFA,0.9970711250452707,0.760970449500487,0.09531068133206198
dow_jones_monthly,realistic,financial,168,GPH,,0.877611198912247,,0.876406656235876,1.2159347534179688e-05,MockGPH,-0.22379502007161256,0.760970449500487,0.09531068133206198
dow_jones_monthly,realistic,financial,168,Higuchi,,0.6941272808766126,,0.8543527661380194,1.1205673217773438e-05,MockHiguchi,0.2986813159187658,0.760970449500487,0.09531068133206198
dow_jones_monthly,realistic,financial,168,RS,,0.7694978815135073,,0.8769232885748246,1.1682510375976562e-05,MockRS,0.9105301630505357,0.760970449500487,0.09531068133206198
dow_jones_monthly,realistic,financial,168,Whittle,,0.6002770478195154,,0.946968245912765,1.0967254638671875e-05,MockWhittle,-0.6859955523889398,0.760970449500487,0.09531068133206198
dow_jones_monthly,realistic,financial,168,WaveletVariance,,0.8636179914773132,,0.7053660145540182,1.1920928955078125e-05,MockWaveletVariance,-0.07697825440382866,0.760970449500487,0.09531068133206198
sunspot_activity,realistic,climate,0,DFA,,0.5785854918047822,,0.7830478479192904,3.0517578125e-05,MockDFA,0.5880499944985964,0.6026595242357436,0.058439198907546376
sunspot_activity,realistic,climate,0,GPH,,0.5835485310484613,,0.7216047243129353,1.3589859008789062e-05,MockGPH,0.6729765247589699,0.6026595242357436,0.058439198907546376
sunspot_activity,realistic,climate,0,Higuchi,,0.6707975318678908,,0.7231831660208493,1.1444091796875e-05,MockHiguchi,-0.16596389489023977,0.6026595242357436,0.058439198907546376
sunspot_activity,realistic,climate,0,RS,,0.5179840686841628,,0.7002329757124696,1.1444091796875e-05,MockRS,-0.44894938063828804,0.6026595242357436,0.058439198907546376
sunspot_activity,realistic,climate,0,Whittle,,0.5872225942695378,,0.8104876266763966,1.1682510375976562e-05,MockWhittle,0.7358463563285433,0.6026595242357436,0.058439198907546376
sunspot_activity,realistic,climate,0,DMA,,0.5766558041965402,,0.7741357796527355,1.1920928955078125e-05,MockDMA,0.5550295678994798,0.6026595242357436,0.058439198907546376
sunspot_activity,realistic,climate,0,WaveletVariance,,0.703822647778831,,0.8121484233176736,1.1444091796875e-05,MockWaveletVariance,-0.7310830422624683,0.6026595242357436,0.058439198907546376
